person_age,person_income,person_home_ownership,person_emp_length,loan_intent,loan_amnt,loan_int_rate,loan_status,loan_percent_income,cb_person_default_on_file,cb_person_cred_hist_length,test_indices_xgb,xgb_pred,test_indices_rf,rf_pred,test_indices_logit,logit_pred
24,78956,RENT,5.0,MEDICAL,35000,11.11,1,0.44,N,4,6,1.0,5893.0,0.0,8675.0,1.0
25,12600,OWN,3.0,PERSONAL,1750,13.61,0,0.14,N,3,103,0.0,3308.0,1.0,3755.0,0.0
22,153000,MORTGAGE,5.0,DEBTCONSOLIDATION,24000,15.62,1,0.16,Y,2,341,1.0,2116.0,1.0,2186.0,0.0
22,16094,MORTGAGE,2.0,VENTURE,5500,7.14,1,0.34,N,3,351,1.0,3229.0,0.0,9057.0,1.0
21,18000,OWN,1.0,PERSONAL,2500,11.36,0,0.14,N,3,454,0.0,1442.0,1.0,9313.0,0.0
22,58600,RENT,5.0,MEDICAL,22750,11.36,1,0.39,N,4,476,1.0,1246.0,1.0,4766.0,0.0
23,85000,RENT,0.0,MEDICAL,20000,7.49,0,0.24,N,2,758,0.0,3189.0,0.0,5645.0,0.0
25,85000,RENT,7.0,MEDICAL,20000,17.39,1,0.2,N,2,821,1.0,8023.0,0.0,543.0,1.0
22,46800,RENT,6.0,MEDICAL,18000,15.23,1,0.38,Y,2,943,1.0,9134.0,0.0,2494.0,0.0
26,26000,OWN,0.0,DEBTCONSOLIDATION,8500,16.45,1,0.33,N,3,1295,0.0,9354.0,0.0,1807.0,1.0
24,35100,RENT,8.0,VENTURE,1000,13.49,0,0.03,Y,4,1331,0.0,5841.0,0.0,5152.0,0.0
23,15600,RENT,0.0,VENTURE,1200,14.91,1,0.08,N,4,1392,1.0,9266.0,0.0,217.0,0.0
23,48000,RENT,4.0,PERSONAL,1800,11.49,0,0.04,N,4,1647,0.0,8454.0,0.0,8256.0,1.0
24,28932,MORTGAGE,4.0,PERSONAL,10000,10.99,0,0.35,Y,2,1673,1.0,6211.0,0.0,2296.0,0.0
21,29664,MORTGAGE,5.0,DEBTCONSOLIDATION,5000,13.57,1,0.17,Y,4,1736,1.0,5395.0,1.0,911.0,1.0
23,82000,RENT,7.0,HOMEIMPROVEMENT,15000,18.25,1,0.18,Y,2,1748,1.0,9366.0,0.0,702.0,1.0
24,79050,RENT,2.0,MEDICAL,2100,9.91,1,0.02,N,4,1901,0.0,341.0,1.0,2116.0,1.0
22,33600,OWN,1.0,MEDICAL,5000,18.25,0,0.15,N,2,2530,0.0,1985.0,0.0,2388.0,0.0
22,55008,RENT,6.0,EDUCATION,12000,13.79,0,0.22,N,2,2644,0.0,6098.0,0.0,9531.0,1.0
26,67500,RENT,1.0,HOMEIMPROVEMENT,3000,9.32,0,0.04,N,4,2755,0.0,7515.0,0.0,3482.0,1.0
24,40000,RENT,0.0,VENTURE,3500,10.99,0,0.09,N,2,3037,0.0,1392.0,1.0,9266.0,0.0
25,48000,RENT,8.0,MEDICAL,11000,7.51,0,0.23,N,4,3229,0.0,9057.0,1.0,5662.0,0.0
26,37500,MORTGAGE,4.0,DEBTCONSOLIDATION,7000,6.54,0,0.19,N,4,3426,0.0,476.0,1.0,1246.0,1.0
25,38000,MORTGAGE,9.0,HOMEIMPROVEMENT,9000,6.99,0,0.24,N,4,3488,0.0,7496.0,0.0,9613.0,0.0
24,31200,RENT,3.0,DEBTCONSOLIDATION,4000,12.42,0,0.13,N,4,3640,0.0,6715.0,0.0,532.0,1.0
22,36000,RENT,3.0,EDUCATION,4000,5.42,0,0.11,N,2,3693,0.0,6699.0,0.0,7379.0,1.0
25,39000,MORTGAGE,9.0,HOMEIMPROVEMENT,3000,13.99,0,0.08,Y,3,3705,0.0,4844.0,0.0,4832.0,1.0
26,52800,RENT,4.0,PERSONAL,4000,9.99,1,0.08,N,3,3843,0.0,6872.0,0.0,8899.0,0.0
26,40272,MORTGAGE,3.0,EDUCATION,10000,11.86,0,0.25,N,3,4233,0.0,430.0,1.0,6075.0,0.0
25,40800,MORTGAGE,9.0,MEDICAL,9700,9.63,0,0.24,N,4,4265,0.0,5977.0,0.0,4241.0,0.0
23,100000,RENT,0.0,PERSONAL,10000,11.46,0,0.1,N,2,4377,0.0,454.0,0.0,1442.0,1.0
22,42000,MORTGAGE,6.0,MEDICAL,3000,6.03,0,0.07,N,2,4449,0.0,2885.0,0.0,961.0,0.0
22,36000,RENT,1.0,EDUCATION,5000,12.68,1,0.14,N,4,4745,0.0,1253.0,1.0,8191.0,0.0
24,42000,RENT,8.0,MEDICAL,5000,5.42,0,0.12,N,2,4750,0.0,7984.0,0.0,7234.0,1.0
26,40000,RENT,0.0,PERSONAL,5000,15.99,1,0.13,Y,2,4817,1.0,171.0,0.0,6957.0,0.0
23,48000,RENT,5.0,DEBTCONSOLIDATION,5000,9.25,0,0.1,N,2,4845,0.0,4969.0,0.0,1000.0,0.0
26,43200,MORTGAGE,10.0,HOMEIMPROVEMENT,2500,9.88,0,0.06,N,4,4865,0.0,4070.0,1.0,4.0,0.0
24,44160,OTHER,7.0,MEDICAL,10000,13.22,0,0.23,N,4,4981,0.0,6383.0,0.0,7677.0,0.0
25,45000,MORTGAGE,4.0,MEDICAL,5000,7.88,0,0.11,N,3,5223,0.0,3214.0,0.0,5920.0,1.0
21,45000,MORTGAGE,4.0,EDUCATION,5000,7.14,0,0.11,N,4,5227,0.0,1508.0,1.0,4256.0,0.0
24,75000,RENT,8.0,PERSONAL,5000,11.78,0,0.07,Y,2,5367,0.0,4867.0,1.0,1507.0,0.0
26,45900,MORTGAGE,10.0,PERSONAL,11500,13.79,0,0.25,N,4,5438,0.0,9331.0,0.0,770.0,0.0
24,14880,RENT,2.0,EDUCATION,6000,10.0,1,0.4,N,3,5853,1.0,9667.0,0.0,1012.0,0.0
22,48000,MORTGAGE,4.0,PERSONAL,6500,6.17,0,0.14,N,2,5876,0.0,5329.0,0.0,5633.0,1.0
24,48000,OWN,3.0,HOMEIMPROVEMENT,2800,12.53,0,0.06,Y,4,5977,0.0,4241.0,0.0,7055.0,0.0
26,31200,RENT,10.0,DEBTCONSOLIDATION,6000,15.23,0,0.19,N,3,6017,1.0,1078.0,0.0,9733.0,1.0
26,49000,MORTGAGE,10.0,EDUCATION,20000,10.0,0,0.41,N,2,6082,0.0,8238.0,0.0,7982.0,0.0
25,40000,RENT,5.0,PERSONAL,6000,7.88,0,0.15,N,4,6179,0.0,5929.0,0.0,2664.0,1.0
26,42000,RENT,0.0,VENTURE,6000,11.12,0,0.14,N,4,6215,0.0,3568.0,1.0,8331.0,1.0
23,50000,MORTGAGE,7.0,DEBTCONSOLIDATION,2000,6.62,0,0.04,N,4,6224,0.0,2630.0,0.0,5186.0,0.0
22,50000,OWN,6.0,EDUCATION,1000,9.91,0,0.02,N,2,6268,0.0,1317.0,0.0,6821.0,1.0
26,50400,OWN,0.0,VENTURE,6725,10.62,0,0.13,N,4,6687,0.0,116.0,1.0,5262.0,0.0
22,50500,OWN,6.0,VENTURE,6000,11.83,0,0.12,N,2,6699,0.0,7379.0,1.0,6400.0,0.0
24,51600,OWN,8.0,VENTURE,20000,12.87,0,0.39,N,4,6851,0.0,8880.0,0.0,4071.0,1.0
23,51996,MORTGAGE,3.0,PERSONAL,5000,6.92,0,0.1,N,3,6872,0.0,8899.0,0.0,6354.0,1.0
25,52000,MORTGAGE,8.0,HOMEIMPROVEMENT,14500,10.65,0,0.28,N,4,6916,0.0,2984.0,0.0,233.0,0.0
26,52000,MORTGAGE,7.0,VENTURE,6500,10.74,0,0.13,N,2,6969,0.0,7456.0,0.0,593.0,1.0
23,74415,RENT,1.0,PERSONAL,6350,12.92,1,0.09,Y,3,6994,0.0,6224.0,0.0,2630.0,1.0
24,52000,RENT,3.0,HOMEIMPROVEMENT,6600,10.99,0,0.13,N,3,7132,0.0,5367.0,0.0,4867.0,1.0
23,53664,MORTGAGE,7.0,EDUCATION,15000,10.75,0,0.28,N,4,7251,0.0,2990.0,1.0,9287.0,0.0
26,31836,RENT,1.0,VENTURE,6400,14.35,0,0.2,N,4,7267,0.0,7305.0,0.0,7916.0,1.0
22,48000,MORTGAGE,6.0,EDUCATION,12000,16.0,1,0.25,N,4,7401,0.0,943.0,1.0,9134.0,0.0
23,34320,RENT,5.0,DEBTCONSOLIDATION,7000,18.3,1,0.2,Y,3,7530,1.0,1748.0,1.0,9366.0,0.0
25,50000,RENT,5.0,MEDICAL,7200,7.29,0,0.14,N,4,7776,0.0,2348.0,0.0,6046.0,0.0
25,55000,RENT,1.0,MEDICAL,7200,7.9,0,0.13,N,2,7789,0.0,5304.0,0.0,1400.0,0.0
23,56000,MORTGAGE,7.0,PERSONAL,13750,18.43,0,0.25,N,2,7911,0.0,8648.0,0.0,6478.0,0.0
23,57000,MORTGAGE,6.0,EDUCATION,17500,14.09,0,0.31,Y,3,8020,0.0,1397.0,1.0,8034.0,1.0
22,59000,MORTGAGE,6.0,DEBTCONSOLIDATION,6400,10.99,0,0.11,N,4,8276,0.0,8647.0,0.0,1675.0,1.0
22,60000,MORTGAGE,6.0,DEBTCONSOLIDATION,18000,12.99,0,0.3,N,2,8454,0.0,8256.0,1.0,8877.0,1.0
25,60000,OWN,1.0,DEBTCONSOLIDATION,10000,16.49,0,0.17,N,3,8504,1.0,8668.0,0.0,5921.0,1.0
25,60000,MORTGAGE,2.0,MEDICAL,12500,11.49,0,0.21,N,2,8510,0.0,6268.0,0.0,1317.0,0.0
22,60000,MORTGAGE,2.0,MEDICAL,10000,10.99,0,0.17,N,2,8528,0.0,7560.0,0.0,7519.0,1.0
26,60000,MORTGAGE,10.0,MEDICAL,5000,6.92,0,0.08,N,4,8582,0.0,8596.0,0.0,3419.0,0.0
26,46000,RENT,3.0,PERSONAL,8000,14.42,1,0.17,N,2,8668,0.0,5921.0,0.0,2954.0,0.0
22,48996,RENT,0.0,PERSONAL,8000,14.96,1,0.16,Y,2,8692,1.0,4233.0,0.0,430.0,1.0
23,54000,MORTGAGE,2.0,MEDICAL,7500,15.58,1,0.14,N,2,8694,1.0,8879.0,0.0,9225.0,0.0
24,63000,MORTGAGE,0.0,VENTURE,6000,9.91,0,0.1,N,4,9266,0.0,217.0,0.0,6526.0,0.0
23,60000,MORTGAGE,5.0,DEBTCONSOLIDATION,5600,14.22,1,0.09,Y,4,9931,0.0,152.0,1.0,8844.0,0.0
25,80000,RENT,2.0,EDUCATION,9600,12.21,0,0.12,N,4,9936,0.0,5537.0,0.0,6199.0,0.0
26,68000,MORTGAGE,10.0,EDUCATION,10000,8.49,0,0.15,N,3,10115,0.0,5794.0,0.0,584.0,1.0
22,32000,RENT,2.0,VENTURE,10000,13.22,1,0.31,N,3,10172,1.0,2726.0,0.0,3653.0,0.0
23,69996,MORTGAGE,4.0,VENTURE,4000,8.0,0,0.06,N,2,10317,0.0,748.0,1.0,6524.0,1.0
26,70000,MORTGAGE,6.0,HOMEIMPROVEMENT,10000,10.99,0,0.14,N,4,10527,0.0,6736.0,0.0,6676.0,0.0
23,46585,RENT,3.0,MEDICAL,10000,13.57,0,0.21,Y,4,10587,0.0,2442.0,0.0,9353.0,1.0
22,69000,MORTGAGE,1.0,EDUCATION,17000,15.27,1,0.25,N,3,11107,0.0,9468.0,0.0,8468.0,0.0
26,73000,RENT,3.0,PERSONAL,10000,7.29,0,0.14,N,3,11270,0.0,4962.0,0.0,4010.0,0.0
23,75000,MORTGAGE,4.0,EDUCATION,8000,8.59,0,0.11,N,2,11306,0.0,9246.0,0.0,3928.0,1.0
26,75000,MORTGAGE,10.0,DEBTCONSOLIDATION,10000,8.94,0,0.13,N,2,11327,0.0,8962.0,0.0,2743.0,0.0
26,78513,RENT,1.0,MEDICAL,10000,8.94,0,0.13,N,4,11335,0.0,7852.0,0.0,147.0,0.0
24,85000,RENT,8.0,PERSONAL,10000,16.0,0,0.12,Y,3,11429,0.0,2705.0,0.0,3935.0,0.0
26,29136,RENT,0.0,PERSONAL,10100,13.55,1,0.35,Y,4,11497,1.0,1372.0,0.0,2298.0,0.0
22,40000,RENT,2.0,VENTURE,11200,7.88,0,0.28,N,2,11583,0.0,8931.0,0.0,971.0,0.0
23,107806,RENT,3.0,VENTURE,11425,10.37,0,0.11,N,3,11682,0.0,7142.0,0.0,6605.0,1.0
22,40000,OWN,0.0,EDUCATION,6000,8.0,0,0.15,N,3,11873,0.0,8225.0,0.0,4157.0,1.0
26,80000,MORTGAGE,6.0,PERSONAL,15000,12.53,0,0.19,N,3,11948,0.0,7905.0,0.0,2980.0,1.0
26,40800,RENT,2.0,PERSONAL,12000,10.99,0,0.29,N,2,12006,0.0,3510.0,1.0,7780.0,1.0
26,81000,MORTGAGE,10.0,DEBTCONSOLIDATION,10750,8.49,0,0.13,N,2,12030,0.0,7516.0,0.0,9743.0,1.0
23,65025,MORTGAGE,7.0,MEDICAL,16000,14.35,1,0.21,N,3,12147,0.0,902.0,0.0,6912.0,0.0
26,83000,MORTGAGE,2.0,MEDICAL,25000,10.99,0,0.3,N,3,12184,0.0,7337.0,0.0,588.0,1.0
25,84000,MORTGAGE,9.0,VENTURE,5000,10.99,0,0.06,N,2,12229,0.0,9400.0,0.0,1448.0,0.0
23,85000,MORTGAGE,7.0,VENTURE,25000,10.36,0,0.29,N,4,12418,0.0,8297.0,1.0,4062.0,0.0
21,37000,OWN,0.0,VENTURE,9250,12.23,0,0.25,N,4,12426,0.0,8440.0,0.0,4503.0,0.0
25,85000,MORTGAGE,9.0,VENTURE,4000,7.88,0,0.05,N,2,12451,0.0,7815.0,0.0,8870.0,1.0
25,78500,RENT,2.0,MEDICAL,12000,10.99,0,0.15,N,2,12512,0.0,3161.0,0.0,4384.0,0.0
24,87600,MORTGAGE,8.0,EDUCATION,3000,5.99,0,0.03,N,2,12668,0.0,7686.0,0.0,8040.0,0.0
24,76000,MORTGAGE,3.0,VENTURE,12000,10.99,1,0.16,Y,4,12687,0.0,6851.0,0.0,8880.0,0.0
24,113000,RENT,4.0,DEBTCONSOLIDATION,12000,7.49,0,0.11,N,2,12758,0.0,2680.0,0.0,6978.0,0.0
23,140000,RENT,5.0,DEBTCONSOLIDATION,12000,11.12,0,0.09,N,3,12793,0.0,8180.0,1.0,6230.0,0.0
25,51000,RENT,1.0,DEBTCONSOLIDATION,2700,9.7,0,0.05,N,2,12980,0.0,5438.0,0.0,9331.0,1.0
21,91000,MORTGAGE,5.0,VENTURE,20000,10.62,0,0.22,N,2,13004,0.0,4262.0,0.0,9763.0,0.0
22,14400,RENT,2.0,PERSONAL,2500,10.99,1,0.17,N,2,13053,1.0,1489.0,0.0,5548.0,0.0
22,60000,RENT,6.0,VENTURE,13000,9.99,0,0.22,N,4,13247,0.0,932.0,1.0,9061.0,0.0
23,65000,RENT,3.0,PERSONAL,14000,10.65,0,0.22,N,4,13571,0.0,2237.0,1.0,8952.0,1.0
23,100000,MORTGAGE,8.0,PERSONAL,16000,6.17,0,0.16,N,2,13656,0.0,6282.0,0.0,9709.0,0.0
22,40000,RENT,4.0,DEBTCONSOLIDATION,14125,11.49,1,0.35,N,3,13748,1.0,3335.0,1.0,2240.0,0.0
26,36000,RENT,2.0,DEBTCONSOLIDATION,14500,9.88,1,0.4,N,3,13909,1.0,5595.0,1.0,8393.0,0.0
26,105000,MORTGAGE,0.0,MEDICAL,5000,7.68,0,0.05,N,2,13966,0.0,6687.0,0.0,116.0,1.0
22,107004,MORTGAGE,2.0,EDUCATION,10000,7.29,0,0.09,N,3,14029,0.0,9391.0,0.0,4613.0,1.0
23,83300,MORTGAGE,0.0,MEDICAL,25000,10.99,1,0.26,N,3,14206,1.0,3220.0,1.0,5525.0,1.0
23,120000,MORTGAGE,7.0,EDUCATION,10000,7.51,0,0.08,N,3,14579,0.0,8220.0,0.0,5733.0,0.0
26,120000,MORTGAGE,10.0,HOMEIMPROVEMENT,10000,14.59,0,0.08,Y,2,14589,0.0,4982.0,0.0,4156.0,1.0
24,59000,RENT,5.0,EDUCATION,15000,14.79,1,0.25,Y,3,14926,0.0,3309.0,0.0,9128.0,0.0
25,126996,MORTGAGE,8.0,DEBTCONSOLIDATION,5000,12.73,1,0.04,Y,2,15022,0.0,811.0,0.0,5175.0,0.0
23,140000,MORTGAGE,7.0,PERSONAL,6000,13.49,0,0.04,Y,3,15045,0.0,3210.0,0.0,630.0,1.0
24,141000,MORTGAGE,2.0,EDUCATION,12000,12.53,0,0.09,N,4,15075,0.0,8528.0,0.0,7560.0,0.0
24,144000,MORTGAGE,4.0,HOMEIMPROVEMENT,14700,7.66,0,0.1,N,3,15085,0.0,1451.0,0.0,9478.0,0.0
24,36000,RENT,8.0,VENTURE,15450,13.43,1,0.43,N,2,15267,1.0,3714.0,0.0,967.0,0.0
26,151900,MORTGAGE,10.0,HOMEIMPROVEMENT,20000,11.26,1,0.13,N,3,15296,0.0,2322.0,0.0,676.0,0.0
26,180000,MORTGAGE,9.0,VENTURE,9700,13.85,0,0.05,N,4,15363,0.0,4826.0,0.0,3230.0,1.0
22,25200,RENT,1.0,EDUCATION,4000,10.99,0,0.16,N,3,15671,0.0,4573.0,0.0,4419.0,1.0
22,80000,MORTGAGE,5.0,VENTURE,9500,11.71,0,0.12,N,3,15744,0.0,6059.0,1.0,724.0,1.0
25,48000,MORTGAGE,9.0,EDUCATION,7000,12.09,0,0.15,Y,2,15853,0.0,9303.0,0.0,4892.0,0.0
26,125000,MORTGAGE,10.0,PERSONAL,10200,7.49,0,0.08,N,2,15864,0.0,6179.0,0.0,5929.0,0.0
22,35100,RENT,0.0,EDUCATION,1000,13.98,0,0.03,Y,3,15868,0.0,1736.0,0.0,5395.0,1.0
22,34000,RENT,1.0,VENTURE,6500,13.22,1,0.19,N,4,16039,1.0,4745.0,0.0,1253.0,1.0
25,19200,RENT,3.0,MEDICAL,5000,10.99,1,0.26,N,2,16079,1.0,1673.0,0.0,6211.0,1.0
25,70000,RENT,8.0,VENTURE,15000,14.42,0,0.21,Y,2,16307,0.0,8161.0,0.0,7718.0,0.0
24,47000,MORTGAGE,3.0,MEDICAL,12000,12.21,0,0.26,N,3,16313,0.0,6361.0,0.0,4985.0,0.0
24,24000,RENT,1.0,MEDICAL,8500,7.9,1,0.35,N,2,16541,1.0,8504.0,0.0,8668.0,1.0
22,46000,MORTGAGE,6.0,PERSONAL,4000,10.37,0,0.09,N,2,16617,0.0,9430.0,1.0,6081.0,1.0
23,92000,RENT,0.0,EDUCATION,6500,8.0,0,0.07,N,3,16750,0.0,7266.0,0.0,6904.0,0.0
24,55680,MORTGAGE,4.0,PERSONAL,7875,10.65,0,0.14,N,3,17026,0.0,2372.0,1.0,3030.0,0.0
21,39900,RENT,0.0,EDUCATION,12000,7.9,0,0.3,N,4,17134,0.0,6994.0,0.0,6224.0,0.0
24,67000,MORTGAGE,2.0,HOMEIMPROVEMENT,12150,10.37,0,0.18,N,3,17220,0.0,9167.0,0.0,322.0,0.0
24,93000,MORTGAGE,5.0,DEBTCONSOLIDATION,12000,16.29,1,0.13,Y,3,17281,1.0,7679.0,0.0,8293.0,0.0
28,73000,RENT,0.0,PERSONAL,32000,11.99,1,0.44,N,9,17354,1.0,6132.0,0.0,5245.0,0.0
31,95000,RENT,3.0,HOMEIMPROVEMENT,24000,13.67,0,0.25,Y,10,17713,0.0,5726.0,0.0,9006.0,0.0
28,90000,RENT,12.0,PERSONAL,21000,14.54,0,0.23,N,9,17770,0.0,5354.0,0.0,7540.0,0.0
29,72000,RENT,8.0,HOMEIMPROVEMENT,20400,11.49,0,0.28,N,7,17782,0.0,7229.0,1.0,1644.0,1.0
27,67000,RENT,2.0,HOMEIMPROVEMENT,20000,14.26,0,0.3,Y,10,17841,0.0,7268.0,0.0,5144.0,0.0
31,23000,OWN,13.0,PERSONAL,4500,5.79,0,0.2,N,9,17954,0.0,3298.0,0.0,5545.0,0.0
29,40000,RENT,12.0,DEBTCONSOLIDATION,16000,11.71,1,0.4,N,6,18152,1.0,2595.0,0.0,9351.0,1.0
28,51000,RENT,2.0,EDUCATION,16000,16.32,1,0.31,Y,9,18177,1.0,5115.0,0.0,6890.0,0.0
29,27000,RENT,4.0,MEDICAL,2000,7.88,0,0.07,N,6,18389,0.0,4402.0,1.0,9282.0,1.0
33,84000,RENT,2.0,VENTURE,15000,16.7,1,0.18,N,9,18400,1.0,3855.0,0.0,8194.0,1.0
29,40404,RENT,4.0,VENTURE,14000,8.49,1,0.35,N,10,18519,1.0,6747.0,1.0,7499.0,1.0
34,30857,RENT,6.0,VENTURE,3000,13.06,1,0.1,N,9,18809,0.0,8153.0,0.0,9376.0,1.0
29,30000,RENT,3.0,DEBTCONSOLIDATION,3000,10.99,1,0.1,Y,6,18826,0.0,8394.0,0.0,6943.0,0.0
29,121000,RENT,3.0,VENTURE,3000,10.25,0,0.02,N,9,19038,0.0,4865.0,0.0,4070.0,0.0
29,40000,RENT,1.0,EDUCATION,3600,8.59,0,0.09,N,8,19241,0.0,962.0,1.0,5757.0,0.0
28,45000,RENT,6.0,MEDICAL,11000,11.99,0,0.24,N,7,19260,0.0,4569.0,1.0,4237.0,1.0
33,65600,RENT,4.0,PERSONAL,10600,12.99,0,0.16,N,7,19349,0.0,2325.0,0.0,7786.0,0.0
27,80400,RENT,11.0,EDUCATION,10400,11.86,0,0.13,N,6,19382,0.0,9367.0,1.0,7468.0,0.0
29,39432,MORTGAGE,6.0,EDUCATION,8000,11.86,0,0.2,N,6,19603,0.0,6425.0,0.0,8045.0,0.0
32,95000,RENT,16.0,HOMEIMPROVEMENT,4000,7.49,0,0.04,N,8,19698,0.0,6885.0,0.0,9093.0,0.0
31,43000,RENT,1.0,MEDICAL,5000,9.99,0,0.12,N,10,20170,0.0,7530.0,1.0,1748.0,1.0
33,55070,RENT,0.0,MEDICAL,9000,8.49,0,0.16,N,5,20226,0.0,6923.0,0.0,2467.0,0.0
34,44000,OWN,2.0,VENTURE,10000,13.43,0,0.23,N,6,20254,0.0,821.0,1.0,8023.0,1.0
34,45000,OWN,0.0,VENTURE,7000,5.42,0,0.16,N,5,20382,0.0,4741.0,0.0,6431.0,1.0
34,56000,RENT,16.0,PERSONAL,5000,8.9,0,0.09,N,8,20453,0.0,3979.0,1.0,9848.0,1.0
30,72516,RENT,11.0,PERSONAL,5000,13.85,0,0.07,Y,6,20525,0.0,5847.0,0.0,853.0,0.0
27,30000,RENT,0.0,MEDICAL,5600,13.49,0,0.19,N,10,20726,0.0,1710.0,0.0,1846.0,0.0
31,48000,MORTGAGE,14.0,MEDICAL,6600,7.14,0,0.14,N,5,20844,0.0,7785.0,1.0,1077.0,0.0
27,49304,MORTGAGE,2.0,MEDICAL,10000,11.78,0,0.2,N,9,20959,0.0,9020.0,0.0,6759.0,0.0
34,50000,MORTGAGE,6.0,VENTURE,16000,13.49,0,0.32,Y,5,20996,0.0,8053.0,0.0,4315.0,0.0
29,43000,RENT,1.0,MEDICAL,6000,11.14,0,0.14,N,7,21006,0.0,5742.0,1.0,8684.0,1.0
27,39000,RENT,1.0,VENTURE,6000,14.61,1,0.15,N,7,21023,1.0,4672.0,1.0,3131.0,1.0
27,50000,MORTGAGE,1.0,VENTURE,6500,7.74,0,0.13,N,6,21190,0.0,1295.0,0.0,9354.0,1.0
27,67000,RENT,3.0,DEBTCONSOLIDATION,6000,9.99,0,0.09,N,8,21193,0.0,8658.0,0.0,6100.0,0.0
29,50004,MORTGAGE,1.0,HOMEIMPROVEMENT,1500,13.11,0,0.03,Y,6,21239,0.0,1554.0,0.0,8592.0,0.0
30,45000,MORTGAGE,11.0,PERSONAL,10000,14.74,1,0.22,N,6,21335,0.0,7100.0,0.0,5360.0,0.0
30,78000,RENT,12.0,PERSONAL,7000,6.54,0,0.09,N,5,21377,0.0,6348.0,1.0,843.0,1.0
30,53979,MORTGAGE,5.0,EDUCATION,25000,10.08,0,0.46,N,7,21564,1.0,195.0,1.0,3929.0,0.0
27,54000,MORTGAGE,1.0,DEBTCONSOLIDATION,6000,14.27,0,0.11,Y,7,21569,0.0,5528.0,0.0,686.0,1.0
30,48409,RENT,4.0,MEDICAL,7000,10.99,0,0.14,N,10,21764,0.0,1681.0,1.0,7029.0,0.0
27,42504,RENT,2.0,DEBTCONSOLIDATION,7200,10.59,0,0.17,N,6,21841,0.0,9002.0,1.0,9097.0,1.0
31,74076,RENT,9.0,MEDICAL,7200,10.99,0,0.1,N,9,21867,0.0,210.0,1.0,5225.0,0.0
29,42000,RENT,0.0,EDUCATION,7500,12.87,0,0.18,Y,8,21987,0.0,1388.0,0.0,957.0,1.0
27,37000,RENT,3.0,EDUCATION,8000,13.49,0,0.22,Y,10,22278,0.0,5766.0,0.0,8477.0,0.0
33,28200,RENT,2.0,EDUCATION,9000,10.99,1,0.32,N,8,22872,1.0,4729.0,1.0,2893.0,0.0
31,65000,MORTGAGE,15.0,HOMEIMPROVEMENT,5000,6.03,0,0.08,N,9,22910,0.0,4377.0,0.0,454.0,0.0
32,65000,OWN,12.0,VENTURE,10000,11.99,0,0.15,N,5,22980,0.0,5020.0,0.0,8909.0,0.0
30,65000,MORTGAGE,3.0,PERSONAL,12000,7.66,0,0.18,N,7,22988,0.0,8479.0,0.0,6808.0,0.0
32,65000,MORTGAGE,12.0,VENTURE,12000,7.88,0,0.18,N,5,23024,0.0,351.0,1.0,3229.0,0.0
29,70000,MORTGAGE,12.0,HOMEIMPROVEMENT,7000,7.66,0,0.1,N,10,23431,0.0,3862.0,0.0,1498.0,1.0
35,72000,MORTGAGE,2.0,DEBTCONSOLIDATION,10750,7.51,0,0.15,N,9,23690,0.0,499.0,0.0,6202.0,1.0
27,53000,RENT,7.0,EDUCATION,10000,10.25,0,0.19,N,5,23725,0.0,6965.0,0.0,5457.0,1.0
33,75000,MORTGAGE,13.0,MEDICAL,25000,10.65,0,0.33,N,7,23890,0.0,1829.0,0.0,7262.0,1.0
30,75000,MORTGAGE,0.0,HOMEIMPROVEMENT,15000,12.98,0,0.2,N,8,23945,0.0,1232.0,1.0,1052.0,1.0
33,74520,RENT,4.0,HOMEIMPROVEMENT,10000,16.89,0,0.13,N,10,23990,0.0,1045.0,0.0,7104.0,0.0
33,78000,MORTGAGE,17.0,MEDICAL,3200,13.49,0,0.04,N,6,24152,0.0,4845.0,0.0,4969.0,1.0
29,34900,RENT,2.0,MEDICAL,11200,9.99,1,0.32,N,10,24177,1.0,1417.0,0.0,5803.0,0.0
32,78400,MORTGAGE,2.0,EDUCATION,1200,10.0,0,0.02,N,5,24223,0.0,9769.0,0.0,558.0,1.0
29,80000,MORTGAGE,13.0,EDUCATION,10000,7.9,0,0.13,N,9,24296,0.0,9935.0,0.0,1.0,1.0
32,81204,MORTGAGE,6.0,EDUCATION,3600,7.88,0,0.04,N,9,24492,0.0,6.0,1.0,5893.0,1.0
31,47700,RENT,2.0,MEDICAL,12000,11.99,0,0.25,N,5,24531,0.0,3115.0,0.0,6850.0,0.0
28,84000,MORTGAGE,12.0,MEDICAL,20500,10.0,0,0.24,N,5,24628,0.0,624.0,1.0,6184.0,0.0
27,84906,MORTGAGE,11.0,DEBTCONSOLIDATION,4500,7.51,0,0.05,N,10,24666,0.0,7401.0,0.0,943.0,1.0
31,68000,RENT,4.0,DEBTCONSOLIDATION,12000,7.66,0,0.18,N,8,24683,0.0,4524.0,0.0,2692.0,1.0
28,85000,MORTGAGE,0.0,EDUCATION,24000,19.03,0,0.28,N,7,24693,0.0,2989.0,0.0,9738.0,1.0
29,86000,MORTGAGE,9.0,DEBTCONSOLIDATION,8400,10.99,0,0.1,N,10,24810,0.0,8525.0,0.0,3611.0,0.0
30,111996,RENT,1.0,DEBTCONSOLIDATION,12000,7.49,0,0.11,N,6,24929,0.0,1952.0,0.0,6752.0,0.0
31,95000,MORTGAGE,1.0,HOMEIMPROVEMENT,13200,12.99,0,0.14,Y,8,25249,0.0,5326.0,1.0,6413.0,0.0
31,48996,RENT,9.0,PERSONAL,14000,13.23,0,0.29,N,8,25414,0.0,3804.0,0.0,3452.0,0.0
27,56000,RENT,2.0,MEDICAL,14000,10.65,0,0.25,N,7,25468,0.0,4550.0,0.0,4859.0,0.0
32,106000,MORTGAGE,3.0,MEDICAL,10000,10.99,0,0.09,N,7,25815,0.0,4215.0,0.0,1106.0,0.0
32,110888,MORTGAGE,0.0,MEDICAL,10400,9.91,0,0.09,N,6,25986,0.0,9195.0,0.0,2778.0,0.0
33,115000,MORTGAGE,6.0,MEDICAL,10500,13.49,0,0.09,N,9,26077,0.0,6483.0,0.0,2081.0,1.0
30,38400,RENT,6.0,DEBTCONSOLIDATION,1600,13.49,0,0.04,N,10,26280,0.0,6049.0,0.0,2328.0,1.0
27,122000,MORTGAGE,1.0,DEBTCONSOLIDATION,8000,7.88,0,0.07,N,6,26334,0.0,399.0,1.0,2286.0,0.0
31,125000,OWN,5.0,MEDICAL,30000,7.51,0,0.24,N,9,26371,0.0,5227.0,0.0,1508.0,0.0
27,125000,OWN,7.0,PERSONAL,13200,11.14,0,0.11,N,8,26413,0.0,578.0,1.0,4012.0,1.0
34,130000,MORTGAGE,5.0,DEBTCONSOLIDATION,20000,10.65,0,0.15,N,10,26487,0.0,9237.0,0.0,6113.0,0.0
28,132000,MORTGAGE,5.0,DEBTCONSOLIDATION,25000,9.99,0,0.19,N,10,26554,0.0,436.0,1.0,9634.0,0.0
35,144000,MORTGAGE,0.0,EDUCATION,35000,10.99,0,0.24,N,9,26721,0.0,5876.0,0.0,5329.0,0.0
34,220000,MORTGAGE,6.0,DEBTCONSOLIDATION,7350,11.99,0,0.03,N,6,27016,0.0,6467.0,0.0,2265.0,0.0
33,10080,OWN,11.0,VENTURE,7200,6.03,1,0.71,N,8,27100,1.0,2836.0,1.0,7557.0,1.0
30,97750,MORTGAGE,3.0,MEDICAL,20000,14.59,1,0.17,Y,8,27132,1.0,7801.0,0.0,2915.0,1.0
29,68000,RENT,1.0,EDUCATION,10000,10.65,0,0.15,N,5,27134,0.0,2554.0,0.0,3593.0,0.0
27,46800,MORTGAGE,5.0,EDUCATION,6000,9.99,0,0.13,N,6,27165,0.0,3673.0,0.0,6194.0,1.0
28,50000,RENT,2.0,EDUCATION,2000,16.89,1,0.04,N,5,27232,1.0,103.0,0.0,3308.0,1.0
29,61000,RENT,2.0,VENTURE,15000,14.96,1,0.25,N,10,27318,1.0,5853.0,1.0,9667.0,0.0
27,106000,MORTGAGE,11.0,EDUCATION,4000,11.71,0,0.04,N,8,27338,0.0,8404.0,1.0,1183.0,0.0
31,66000,RENT,9.0,EDUCATION,2550,11.36,0,0.04,N,9,27348,0.0,647.0,1.0,6920.0,0.0
31,73000,MORTGAGE,3.0,DEBTCONSOLIDATION,15000,10.99,0,0.21,N,9,27442,0.0,6233.0,0.0,9284.0,1.0
32,18000,OWN,0.0,VENTURE,4750,7.88,1,0.26,N,6,27505,1.0,9620.0,1.0,6660.0,0.0
27,45150,RENT,1.0,VENTURE,18000,13.16,1,0.4,N,7,27604,1.0,3933.0,0.0,7225.0,0.0
33,96000,MORTGAGE,0.0,DEBTCONSOLIDATION,8000,13.72,0,0.08,N,5,27637,0.0,2901.0,1.0,8920.0,0.0
27,30000,RENT,3.0,DEBTCONSOLIDATION,13000,7.88,1,0.43,N,8,27741,1.0,7776.0,0.0,2348.0,0.0
32,140000,MORTGAGE,3.0,HOMEIMPROVEMENT,5000,10.38,0,0.04,N,10,27814,0.0,5770.0,0.0,90.0,1.0
28,68004,RENT,1.0,PERSONAL,15000,13.16,0,0.22,Y,7,27888,0.0,5223.0,0.0,3214.0,0.0
33,90000,MORTGAGE,4.0,EDUCATION,12000,12.98,0,0.13,N,5,28125,0.0,7161.0,0.0,6312.0,0.0
31,100000,MORTGAGE,0.0,HOMEIMPROVEMENT,15000,9.63,0,0.15,N,5,28135,0.0,4730.0,1.0,7200.0,1.0
37,65000,RENT,2.0,PERSONAL,20000,10.25,1,0.31,N,16,28494,1.0,9931.0,0.0,152.0,1.0
38,66690,RENT,12.0,EDUCATION,20000,14.59,0,0.3,N,14,28497,1.0,2530.0,0.0,1985.0,1.0
37,58000,RENT,9.0,MEDICAL,18200,10.99,1,0.31,N,11,28536,1.0,9126.0,1.0,498.0,0.0
48,32304,MORTGAGE,22.0,MEDICAL,15000,9.63,0,0.46,N,17,28755,1.0,8037.0,0.0,7258.0,0.0
39,38400,RENT,5.0,EDUCATION,3500,12.99,0,0.09,Y,15,28862,0.0,7431.0,0.0,6748.0,0.0
42,100000,RENT,3.0,VENTURE,10000,13.55,0,0.1,Y,13,29073,0.0,3693.0,0.0,6699.0,0.0
38,43000,MORTGAGE,3.0,DEBTCONSOLIDATION,8250,7.51,0,0.19,N,12,29141,0.0,8694.0,1.0,8879.0,1.0
36,45344,MORTGAGE,11.0,EDUCATION,16750,7.88,0,0.37,N,13,29235,0.0,8582.0,0.0,8596.0,0.0
50,46000,MORTGAGE,8.0,EDUCATION,8600,14.09,0,0.19,N,12,29258,1.0,5068.0,0.0,6373.0,1.0
36,60000,RENT,3.0,HOMEIMPROVEMENT,7000,7.88,0,0.12,N,12,29472,0.0,2627.0,0.0,8178.0,0.0
37,60000,RENT,4.0,VENTURE,7175,7.9,0,0.12,N,14,29600,0.0,8279.0,0.0,8257.0,0.0
50,60000,MORTGAGE,8.0,DEBTCONSOLIDATION,2000,7.49,0,0.03,N,15,29729,0.0,9936.0,0.0,5537.0,0.0
37,45000,RENT,0.0,EDUCATION,8000,9.63,0,0.18,N,17,29744,0.0,7133.0,0.0,2907.0,0.0
43,65000,MORTGAGE,17.0,VENTURE,7200,16.29,0,0.11,N,17,29909,0.0,1912.0,1.0,7003.0,1.0
38,65000,MORTGAGE,5.0,EDUCATION,15000,10.36,0,0.23,N,17,29925,0.0,5369.0,0.0,2247.0,0.0
36,60000,RENT,3.0,EDUCATION,9500,7.14,0,0.16,N,12,29944,0.0,3462.0,0.0,7284.0,0.0
48,66000,MORTGAGE,5.0,HOMEIMPROVEMENT,12475,6.62,0,0.19,N,11,29965,0.0,2289.0,0.0,7648.0,0.0
36,60000,MORTGAGE,3.0,DEBTCONSOLIDATION,13000,14.11,1,0.22,Y,14,29970,1.0,7789.0,0.0,5304.0,0.0
36,64583,RENT,2.0,HOMEIMPROVEMENT,10000,10.99,0,0.15,N,14,30178,0.0,5100.0,0.0,7479.0,0.0
37,38200,RENT,0.0,VENTURE,12000,8.94,1,0.31,N,14,30331,1.0,8739.0,0.0,2432.0,1.0
38,46000,RENT,1.0,MEDICAL,12000,9.91,0,0.26,N,16,30364,0.0,756.0,0.0,5158.0,1.0
46,92000,MORTGAGE,18.0,EDUCATION,12925,10.99,0,0.14,N,17,30532,0.0,428.0,0.0,2861.0,0.0
39,100000,MORTGAGE,9.0,DEBTCONSOLIDATION,3000,7.14,0,0.03,N,11,30644,0.0,2952.0,0.0,5325.0,0.0
39,115000,MORTGAGE,6.0,VENTURE,25000,15.58,0,0.22,Y,17,30748,0.0,1928.0,0.0,6347.0,0.0
46,17496,RENT,6.0,HOMEIMPROVEMENT,1500,11.14,1,0.09,N,13,30814,1.0,8344.0,0.0,7024.0,1.0
36,261800,MORTGAGE,16.0,MEDICAL,24000,10.62,1,0.08,N,16,31019,0.0,7738.0,1.0,8538.0,1.0
42,85000,RENT,3.0,MEDICAL,5750,12.99,0,0.07,Y,14,31053,0.0,9389.0,0.0,8530.0,0.0
52,64500,RENT,0.0,PERSONAL,5000,11.26,0,0.08,N,25,31488,0.0,7891.0,1.0,252.0,1.0
58,68000,MORTGAGE,1.0,PERSONAL,8000,10.99,0,0.12,N,29,31553,0.0,7132.0,0.0,5367.0,0.0
53,43200,RENT,0.0,VENTURE,10000,9.88,0,0.23,N,30,31557,0.0,1139.0,0.0,5746.0,0.0
