person_age,person_income,person_home_ownership,person_emp_length,loan_intent,loan_amnt,loan_int_rate,loan_status,loan_percent_income,cb_person_default_on_file,cb_person_cred_hist_length,logit_woe_pred,logit_woe_proba,rf_woe_pred,rf_woe_proba,xgb_woe_pred,xgb_woe_proba,woe_ensemble_pred,woe_avg_proba,woe_risk_score,confidence_level
26,54000,RENT,7.0,DEBTCONSOLIDATION,25000,14.83,1,0.46,Y,2,1.0,0.9810636630713815,1.0,0.94,0.0,0.0011434681,1,0.6407357103832024,2.0,Low
25,120000,RENT,6.0,MEDICAL,25000,10.74,0,0.21,N,2,0.0,0.37114590777949225,0.0,0.05,1.0,0.8860725,0,0.43573947474027913,1.0,Low
23,150000,RENT,0.0,EDUCATION,24000,7.49,0,0.16,N,4,0.0,0.054387160221778585,0.0,0.05,1.0,0.87524337,0,0.32654350866213216,1.0,Low
24,18500,MORTGAGE,8.0,PERSONAL,5000,9.32,1,0.27,N,3,0.0,0.4629831621348676,0.0,0.03,1.0,0.9790132,0,0.4906654555698175,1.0,Low
25,60000,RENT,5.0,EDUCATION,21450,7.29,1,0.36,N,4,0.0,0.39285830183107523,0.0,0.14,1.0,0.61243856,0,0.3817656204544136,1.0,Low
25,125000,RENT,9.0,EDUCATION,21000,12.99,0,0.17,Y,3,0.0,0.3611620176468827,1.0,0.98,1.0,0.8092086,1,0.716790196519247,2.0,Low
23,120000,RENT,4.0,MEDICAL,20000,10.37,0,0.17,N,4,0.0,0.3295576043457314,1.0,1.0,0.0,0.016858391,0,0.44880533193649597,1.0,Low
22,27600,RENT,2.0,DEBTCONSOLIDATION,16300,10.99,1,0.59,N,4,1.0,0.9913427976932679,0.0,0.04,0.0,0.00091617665,0,0.34408632478115847,1.0,Low
25,26400,MORTGAGE,1.0,HOMEIMPROVEMENT,7500,8.9,0,0.28,N,3,1.0,0.5312575830908205,0.0,0.02,0.0,0.22114825,0,0.2574686118593344,1.0,Low
24,64000,RENT,8.0,HOMEIMPROVEMENT,1300,13.49,1,0.02,N,3,0.0,0.4757185553450773,0.0,0.27,1.0,0.99691486,0,0.580877806310501,1.0,Low
26,27983,MORTGAGE,7.0,DEBTCONSOLIDATION,6000,7.88,0,0.21,N,3,0.0,0.34726594976616176,0.0,0.01,0.0,0.2348227,0,0.1973628850514103,0.0,High
26,210000,RENT,4.0,PERSONAL,15000,12.99,0,0.07,N,4,0.0,0.23689131506292177,0.0,0.03,0.0,0.11774175,0,0.12821102125117564,0.0,High
22,39000,RENT,4.0,MEDICAL,14000,10.37,1,0.36,N,3,1.0,0.8739527077894248,0.0,0.36,0.0,0.0023670844,0,0.41210659738988803,1.0,Low
25,35000,RENT,5.0,MEDICAL,13000,13.22,1,0.37,N,2,1.0,0.9522057956869172,0.0,0.07,0.0,0.1352219,0,0.3858092314142243,1.0,Low
22,32000,MORTGAGE,2.0,MEDICAL,7500,10.99,0,0.23,Y,3,1.0,0.6242472523231453,0.0,0.02,1.0,0.9999826,1,0.5480766159222903,2.0,Low
21,90000,RENT,2.0,VENTURE,3300,11.71,0,0.04,N,4,0.0,0.16908858880085478,0.0,0.01,0.0,0.010104361,0,0.06306431659702702,0.0,High
24,45996,RENT,9.0,PERSONAL,3500,12.21,1,0.08,N,2,0.0,0.3806589416426152,0.0,0.12,1.0,0.9991223,0,0.49992708774943256,1.0,Low
23,60000,RENT,1.0,EDUCATION,11000,14.22,0,0.18,N,4,1.0,0.5910279486670685,0.0,0.19,0.0,0.27595246,0,0.3523268023495738,1.0,Low
25,30000,RENT,4.0,EDUCATION,4000,13.49,0,0.13,Y,4,1.0,0.5945981447845232,0.0,0.04,0.0,0.3548943,0,0.3298308183401668,1.0,Low
23,32993,RENT,6.0,MEDICAL,4000,11.71,1,0.12,N,4,1.0,0.5854286797099252,0.0,0.31,1.0,0.9869484,1,0.6274590168811526,2.0,Low
22,40000,MORTGAGE,2.0,EDUCATION,10000,6.03,0,0.25,N,3,0.0,0.11491997011445128,1.0,0.87,0.0,0.07180334,0,0.35224110298005135,1.0,Low
26,58947,RENT,10.0,MEDICAL,4500,6.03,0,0.08,N,2,0.0,0.14250314732753858,0.0,0.1,1.0,0.9896109,0,0.41070468591439596,1.0,Low
25,84000,RENT,0.0,HOMEIMPROVEMENT,4500,12.18,0,0.05,N,2,0.0,0.3980038305143922,0.0,0.14,0.0,0.034227394,0,0.19074374136065142,0.0,High
23,33000,RENT,0.0,EDUCATION,4600,11.71,0,0.14,N,3,0.0,0.41448071308598966,0.0,0.02,0.0,0.002028723,0,0.1455031453668361,0.0,High
24,100000,RENT,1.0,EDUCATION,4600,8.49,0,0.05,N,2,0.0,0.09384908149993419,0.0,0.01,0.0,0.16995855,0,0.09126920941921075,0.0,High
21,36000,MORTGAGE,2.0,MEDICAL,5000,14.27,1,0.14,Y,2,1.0,0.6563692722361046,0.0,0.02,0.0,0.03933127,0,0.2385668469184226,1.0,Low
23,35000,RENT,5.0,PERSONAL,5000,6.99,0,0.14,N,2,0.0,0.18309375865661018,0.0,0.22,0.0,0.20964819,0,0.20424731686182454,0.0,High
21,44000,MORTGAGE,2.0,DEBTCONSOLIDATION,12000,10.99,0,0.27,N,2,1.0,0.6228410050363546,0.0,0.09,0.0,0.00051140215,0,0.2377841357280589,1.0,Low
25,24000,RENT,2.0,VENTURE,8500,9.88,1,0.35,N,4,1.0,0.7290074606306629,1.0,0.98,0.0,0.059250902,1,0.5894194543383942,2.0,Low
22,68000,RENT,7.0,PERSONAL,5000,9.99,0,0.07,N,3,0.0,0.20109646201471576,1.0,0.99,0.0,0.096624516,0,0.4292403259884652,1.0,Low
21,47000,MORTGAGE,5.0,PERSONAL,7000,7.14,0,0.15,N,3,0.0,0.08652344936119725,1.0,0.94,0.0,0.064614974,0,0.3637128077745014,1.0,Low
26,31200,RENT,10.0,DEBTCONSOLIDATION,6000,15.23,0,0.19,N,3,1.0,0.9009983738772411,1.0,0.97,0.0,0.0013481387,1,0.6241155041825593,2.0,Low
23,31000,RENT,1.0,DEBTCONSOLIDATION,6000,11.71,1,0.19,N,2,1.0,0.7541598136080382,1.0,0.67,1.0,0.9367114,1,0.7869570615176716,3.0,High
23,50000,RENT,1.0,DEBTCONSOLIDATION,6000,11.48,1,0.12,N,4,1.0,0.559463811897977,1.0,1.0,0.0,0.0009357932,1,0.5201332017039962,2.0,Low
26,50648,MORTGAGE,8.0,PERSONAL,8000,6.76,0,0.16,N,4,0.0,0.0812090661161933,1.0,1.0,0.0,0.1802616,0,0.42049022105116957,1.0,Low
22,23000,RENT,6.0,MEDICAL,6250,12.73,0,0.27,N,2,1.0,0.902722013091615,0.0,0.03,0.0,0.13027437,0,0.35433212780143525,1.0,Low
26,51600,OWN,10.0,HOMEIMPROVEMENT,15000,9.88,0,0.29,N,3,0.0,0.3768564069406795,0.0,0.02,0.0,0.4581478,0,0.2850014003163115,0.0,High
21,45996,MORTGAGE,2.0,EDUCATION,17000,13.16,1,0.37,Y,4,1.0,0.762285636039592,0.0,0.11,1.0,0.9092223,1,0.5938359802868688,2.0,Low
24,73000,RENT,2.0,DEBTCONSOLIDATION,6500,10.99,0,0.09,N,4,0.0,0.4333187208191194,0.0,0.33,1.0,0.9953047,0,0.5862078081771943,1.0,Low
24,80000,RENT,6.0,MEDICAL,6400,7.49,0,0.08,N,4,0.0,0.17867276080803332,0.0,0.36,1.0,0.99979776,0,0.5128235074161035,1.0,Low
25,30000,RENT,0.0,EDUCATION,7000,10.99,1,0.23,Y,2,1.0,0.6355503676536374,0.0,0.09,0.0,0.37597385,0,0.3671747393807667,1.0,Low
22,50000,RENT,2.0,VENTURE,7000,7.66,0,0.14,N,3,0.0,0.12159281289567957,1.0,0.61,0.0,0.010478644,0,0.24735715219872,1.0,Low
23,49000,MORTGAGE,7.0,MEDICAL,5000,15.21,1,0.1,N,2,1.0,0.5599959208443782,1.0,0.86,0.0,0.0075015225,1,0.47583248112971654,2.0,Low
22,20800,RENT,1.0,DEBTCONSOLIDATION,7200,6.91,1,0.35,N,4,1.0,0.8099419631856849,1.0,0.93,0.0,0.041019928,1,0.5936539636319932,2.0,Low
24,55400,MORTGAGE,8.0,VENTURE,11000,7.29,0,0.2,N,3,0.0,0.07269079418181457,0.0,0.47,0.0,0.26518166,0,0.26929081827799173,0.0,High
26,56000,MORTGAGE,0.0,HOMEIMPROVEMENT,8000,11.14,0,0.14,N,4,0.0,0.2945156395210828,0.0,0.18,0.0,0.36657342,0,0.2803630208894281,0.0,High
22,31200,RENT,0.0,PERSONAL,8000,14.3,1,0.26,Y,3,1.0,0.8872096627932774,1.0,0.78,0.0,0.00012620665,1,0.5557786231480084,2.0,Low
23,40000,RENT,3.0,EDUCATION,8000,11.49,0,0.2,N,3,1.0,0.508631327619198,0.0,0.0,0.0,0.37520245,0,0.29461125826505924,1.0,Low
26,44000,RENT,10.0,PERSONAL,8000,13.8,0,0.18,N,3,1.0,0.6858871876523213,1.0,0.98,0.0,0.4715366,1,0.7124745980675127,2.0,Low
22,60000,RENT,2.0,EDUCATION,8000,10.0,0,0.13,N,4,0.0,0.22804007667516266,1.0,0.53,1.0,0.9480299,1,0.5686899841434909,2.0,Low
24,65000,RENT,5.0,PERSONAL,8000,9.63,0,0.12,N,3,0.0,0.23758996034227156,0.0,0.15,0.0,0.01316739,0,0.13358578333693194,0.0,High
22,64000,RENT,0.0,PERSONAL,8000,14.84,1,0.13,N,2,1.0,0.6187406938944077,0.0,0.11,0.0,0.25979713,0,0.3295126066497238,1.0,Low
23,92004,RENT,2.0,DEBTCONSOLIDATION,8000,11.49,0,0.09,N,4,0.0,0.44511009648399374,0.0,0.01,0.0,0.039823692,0,0.1649779295919896,0.0,High
26,64999,MORTGAGE,11.0,VENTURE,15000,10.99,0,0.23,N,2,0.0,0.19879313150917632,0.0,0.08,0.0,2.914933e-05,0,0.09294076027994468,0.0,High
24,65000,MORTGAGE,8.0,DEBTCONSOLIDATION,6600,10.65,0,0.1,N,2,0.0,0.251332651299728,0.0,0.06,0.0,0.0073888297,0,0.10624049367300108,0.0,High
25,82000,RENT,2.0,MEDICAL,9200,6.03,0,0.11,N,3,0.0,0.13527445834090954,0.0,0.04,0.0,0.0174011,0,0.06422518584864222,0.0,High
23,50400,RENT,5.0,EDUCATION,9400,9.99,0,0.19,N,4,0.0,0.34737320456141607,0.0,0.05,0.0,0.26926342,0,0.22221220703003927,0.0,High
22,65000,RENT,3.0,MEDICAL,9600,11.97,0,0.15,N,2,1.0,0.5851500837443863,0.0,0.02,1.0,0.9726911,1,0.5259470674871932,2.0,Low
23,30000,RENT,0.0,HOMEIMPROVEMENT,10000,15.27,1,0.33,Y,4,1.0,0.9711866831874938,0.0,0.39,0.0,8.638927e-05,0,0.45375769081950407,1.0,Low
25,69996,MORTGAGE,3.0,PERSONAL,25000,10.62,0,0.36,N,3,0.0,0.4146096175977558,0.0,0.03,0.0,0.06354392,0,0.16938451359897752,0.0,High
22,70000,MORTGAGE,4.0,VENTURE,5025,10.99,0,0.07,N,2,0.0,0.07821350963785464,0.0,0.07,0.0,0.1098524,0,0.08602197101339437,0.0,High
25,40000,RENT,0.0,EDUCATION,10000,12.18,0,0.25,N,3,1.0,0.655565955175525,0.0,0.2,0.0,0.03139486,0,0.29565360560469034,1.0,Low
22,70000,MORTGAGE,6.0,PERSONAL,25000,15.31,0,0.36,Y,4,1.0,0.7891528321399354,1.0,1.0,0.0,0.04686092,1,0.6120045835142024,2.0,Low
22,70000,MORTGAGE,0.0,EDUCATION,9600,15.37,0,0.14,N,2,0.0,0.38061959540805157,0.0,0.16,0.0,0.022801094,0,0.1878068963884014,0.0,High
25,63000,RENT,6.0,VENTURE,4200,14.22,0,0.07,N,4,0.0,0.3581699365033207,1.0,0.99,0.0,0.058639437,0,0.4689364578211803,1.0,Low
24,43500,RENT,6.0,MEDICAL,10000,13.62,1,0.23,Y,3,1.0,0.8787670421545754,1.0,0.99,0.0,0.3491192,1,0.7392954095186476,2.0,Low
23,72000,MORTGAGE,5.0,PERSONAL,8700,6.76,0,0.12,N,4,0.0,0.05009782424796797,0.0,0.28,0.0,0.032713305,0,0.12093704315102492,0.0,High
24,50004,RENT,2.0,VENTURE,10000,13.79,0,0.2,Y,4,1.0,0.6344422382244387,0.0,0.29,0.0,0.16523442,0,0.36322555164923,1.0,Low
26,72000,MORTGAGE,10.0,EDUCATION,4000,9.32,0,0.06,N,4,0.0,0.06174446306049718,0.0,0.0,0.0,0.11587638,0,0.05920694656312431,0.0,High
25,70000,RENT,0.0,MEDICAL,10000,10.95,0,0.14,N,3,0.0,0.46768588105015785,0.0,0.06,0.0,0.019944096,0,0.1825433256780864,0.0,High
22,78000,RENT,3.0,VENTURE,10000,12.42,0,0.13,N,2,0.0,0.2927713906351616,0.0,0.42,0.0,0.0017636586,0,0.238178349744409,0.0,High
24,30852,RENT,4.0,MEDICAL,11200,5.79,1,0.36,N,4,1.0,0.68767949696519,0.0,0.28,1.0,0.99991477,1,0.6558647541077204,2.0,Low
22,78996,OWN,6.0,MEDICAL,10000,11.11,0,0.13,N,2,0.0,0.18255650664434134,0.0,0.05,0.0,0.00048685973,0,0.07768112212531679,0.0,High
23,35000,RENT,2.0,DEBTCONSOLIDATION,11900,7.66,1,0.34,N,3,1.0,0.7665660786719706,1.0,0.98,0.0,0.058543336,1,0.6017031381061205,2.0,Low
22,80000,MORTGAGE,6.0,EDUCATION,35000,10.99,0,0.44,N,2,0.0,0.4132250684596141,0.0,0.1,0.0,0.0803457,0,0.19785692205353048,0.0,High
24,82800,MORTGAGE,0.0,VENTURE,12500,10.99,0,0.15,N,3,0.0,0.10283595635726754,0.0,0.05,0.0,0.103464186,0,0.08543338084960879,0.0,High
25,77000,MORTGAGE,1.0,DEBTCONSOLIDATION,7200,18.53,1,0.09,N,3,1.0,0.7424484919340024,0.0,0.02,1.0,0.99269825,1,0.5850489147116943,2.0,Low
21,36662,OWN,4.0,VENTURE,18000,10.25,0,0.49,N,4,1.0,0.6520062201679242,1.0,0.51,0.0,0.2677528,1,0.47658633885981283,2.0,Low
24,113000,RENT,4.0,DEBTCONSOLIDATION,12000,7.49,0,0.11,N,2,0.0,0.18801345329643698,0.0,0.09,0.0,0.0826262,0,0.12021321816961439,0.0,High
21,33600,OWN,5.0,VENTURE,3000,11.83,0,0.09,N,4,0.0,0.08704000480298878,0.0,0.16,0.0,0.051533934,0,0.09952464617730737,0.0,High
24,100000,OWN,4.0,MEDICAL,6000,8.9,0,0.06,N,2,0.0,0.06721157174032232,0.0,0.15,0.0,0.023433361,0,0.08021497764760023,0.0,High
24,70000,RENT,5.0,HOMEIMPROVEMENT,14400,12.23,0,0.21,N,4,1.0,0.6567143391958905,0.0,0.05,0.0,0.00012290747,0,0.2356124155551739,1.0,Low
25,113000,RENT,8.0,DEBTCONSOLIDATION,14400,11.71,1,0.13,N,4,0.0,0.45880728930748205,1.0,0.96,1.0,0.836778,1,0.7518617581344866,2.0,Low
22,51996,RENT,3.0,HOMEIMPROVEMENT,14500,13.16,1,0.28,Y,2,1.0,0.8786045228825562,0.0,0.11,0.0,0.14315853,0,0.3772543493703522,1.0,Low
25,105000,MORTGAGE,1.0,PERSONAL,15000,12.53,0,0.14,Y,3,0.0,0.22525649012809118,0.0,0.12,0.0,0.09769797,0,0.14765148779314466,0.0,High
23,105600,MORTGAGE,2.0,PERSONAL,25000,6.99,0,0.24,N,4,0.0,0.05707525494065558,1.0,0.92,0.0,0.054243382,0,0.3437728790023813,1.0,Low
25,33600,RENT,0.0,PERSONAL,15000,11.11,1,0.45,N,4,1.0,0.9241182476301695,0.0,0.16,1.0,0.6800083,1,0.5880421799427835,2.0,Low
24,120000,MORTGAGE,8.0,VENTURE,20000,7.9,0,0.17,N,4,0.0,0.032334376684366346,0.0,0.06,0.0,0.017531201,0,0.036621859309255635,0.0,High
23,120000,MORTGAGE,4.0,EDUCATION,2400,12.42,0,0.02,N,3,0.0,0.10956392966139944,0.0,0.29,1.0,0.99880636,0,0.4661234290150425,1.0,Low
21,112800,MORTGAGE,2.0,EDUCATION,16000,13.48,1,0.14,Y,2,0.0,0.21996836771086553,0.0,0.06,0.0,0.11258988,0,0.13085274951165152,0.0,High
22,130000,MORTGAGE,3.0,VENTURE,24250,12.18,0,0.19,N,4,0.0,0.09466338752131992,0.0,0.05,0.0,0.003085163,0,0.049249516825862504,0.0,High
21,20004,OWN,2.0,MEDICAL,2500,9.63,0,0.12,N,2,0.0,0.17904283097381696,1.0,0.6,0.0,0.2427755,0,0.34060611026484205,1.0,Low
25,140004,OTHER,8.0,MEDICAL,4500,12.87,0,0.03,N,4,0.0,0.4320361382416675,0.0,0.09,0.0,0.018825727,0,0.1802872882750892,0.0,High
25,154000,MORTGAGE,1.0,EDUCATION,21600,10.37,0,0.14,N,3,0.0,0.053069880708693826,0.0,0.01,0.0,0.0615,0,0.041523294135808735,0.0,High
24,155000,MORTGAGE,5.0,PERSONAL,12000,7.49,0,0.08,N,4,0.0,0.03331934623144706,0.0,0.03,0.0,0.010333154,0,0.02455083352732208,0.0,High
25,156000,MORTGAGE,9.0,DEBTCONSOLIDATION,10000,13.22,0,0.06,Y,2,0.0,0.3306541631661592,0.0,0.39,0.0,0.08204347,0,0.26756587737277937,0.0,High
24,112500,RENT,1.0,PERSONAL,16000,12.29,0,0.14,N,3,0.0,0.316217681760632,1.0,1.0,1.0,0.99808073,1,0.7714328040662881,2.0,Low
24,90000,RENT,1.0,HOMEIMPROVEMENT,19500,9.76,0,0.22,N,2,0.0,0.40596654567180995,0.0,0.07,1.0,0.96688944,0,0.4809519955617154,1.0,Low
22,55000,RENT,6.0,VENTURE,6000,14.27,0,0.11,N,3,0.0,0.4377601146812378,0.0,0.02,0.0,0.037866995,0,0.1652090364732722,0.0,High
24,70000,MORTGAGE,1.0,HOMEIMPROVEMENT,9000,11.83,0,0.13,N,3,0.0,0.3018080054292561,1.0,0.7,0.0,0.4056501,0,0.46915270482730476,1.0,Low
21,46000,RENT,2.0,PERSONAL,5200,17.27,1,0.11,Y,3,1.0,0.8093733663187946,0.0,0.02,0.0,0.11363128,0,0.31433488153174605,1.0,Low
25,150000,MORTGAGE,9.0,HOMEIMPROVEMENT,20000,8.88,0,0.13,N,4,0.0,0.07547622041468238,0.0,0.44,1.0,0.9955995,0,0.5036919095667349,1.0,Low
25,82000,RENT,5.0,HOMEIMPROVEMENT,6000,10.99,0,0.07,N,3,0.0,0.3448560782501436,0.0,0.25,0.0,0.025004808,0,0.20662029536993423,0.0,High
23,95000,MORTGAGE,1.0,EDUCATION,19800,13.22,1,0.21,Y,4,0.0,0.292923124300904,0.0,0.32,0.0,0.12978764,0,0.24757025436145297,0.0,High
26,22406,RENT,5.0,HOMEIMPROVEMENT,2500,6.76,1,0.11,N,2,0.0,0.2302726479650155,0.0,0.22,0.0,0.07231562,0,0.1741960887869403,0.0,High
25,61200,MORTGAGE,1.0,PERSONAL,5650,7.66,0,0.09,N,2,0.0,0.057636205121792926,0.0,0.12,0.0,0.15410289,0,0.1105796989351238,0.0,High
22,41838,RENT,0.0,PERSONAL,6600,16.89,1,0.16,N,3,1.0,0.8221544001673967,0.0,0.08,0.0,0.1257958,0,0.342650065560318,1.0,Low
23,39000,RENT,2.0,HOMEIMPROVEMENT,10000,15.2,1,0.26,N,4,1.0,0.9196665091283022,0.0,0.11,0.0,0.12158487,0,0.38375045968316984,1.0,Low
22,31200,RENT,5.0,DEBTCONSOLIDATION,10000,12.73,1,0.32,Y,2,1.0,0.9477537544346929,0.0,0.0,0.0,0.045305286,0,0.3310196800125003,1.0,Low
25,70200,RENT,9.0,PERSONAL,18000,16.45,0,0.26,Y,3,1.0,0.8761771709014394,0.0,0.4,1.0,0.9031115,1,0.7264295627769304,2.0,Low
24,70000,RENT,3.0,PERSONAL,25000,11.86,1,0.36,N,2,1.0,0.7104329705046604,0.0,0.03,0.0,0.30423367,0,0.34822221357978017,1.0,Low
24,22680,RENT,9.0,VENTURE,7000,10.62,1,0.31,N,2,1.0,0.713825042463034,0.0,0.04,0.0,0.06400786,0,0.27261096862180023,1.0,Low
23,39996,RENT,6.0,MEDICAL,12000,9.63,0,0.3,N,3,1.0,0.7664684483613536,0.0,0.08,0.0,0.07970057,0,0.3087230050632015,1.0,Low
21,60000,RENT,5.0,MEDICAL,10000,12.18,0,0.17,N,4,1.0,0.6456791836095273,1.0,0.59,0.0,0.015841836,1,0.41717367323976157,2.0,Low
23,63000,RENT,0.0,VENTURE,16000,14.42,1,0.25,Y,2,1.0,0.699121484083484,1.0,0.97,0.0,0.0011098302,1,0.5567437714345713,2.0,Low
23,65000,RENT,7.0,EDUCATION,3600,10.59,0,0.06,N,3,0.0,0.1885617896907298,1.0,0.93,1.0,0.9978115,1,0.7054577619828373,2.0,Low
28,80000,RENT,12.0,EDUCATION,35000,15.62,1,0.44,N,10,1.0,0.8663339876140493,1.0,0.99,1.0,0.78032255,1,0.8788855131137815,3.0,High
31,204000,RENT,0.0,VENTURE,12000,9.63,0,0.06,N,9,0.0,0.06836992670946741,0.0,0.01,0.0,0.17470843,0,0.08435945090271839,0.0,High
27,72000,RENT,6.0,VENTURE,20000,8.9,0,0.28,N,5,0.0,0.26498811867952116,0.0,0.33,1.0,0.7813169,0,0.4587683316969864,1.0,Low
27,28560,MORTGAGE,7.0,PERSONAL,2400,6.39,0,0.08,N,8,0.0,0.04443833904541135,0.0,0.1,1.0,0.6811035,0,0.2751806221971134,1.0,Low
28,30000,MORTGAGE,5.0,VENTURE,15000,10.99,0,0.5,N,9,1.0,0.8406530502648437,0.0,0.31,0.0,0.06361525,0,0.4047560992906916,1.0,Low
27,130000,RENT,0.0,MEDICAL,15000,10.99,0,0.12,N,7,0.0,0.3264078057160535,0.0,0.1,0.0,0.00091362343,0,0.14244047638180757,0.0,High
34,30000,MORTGAGE,6.0,MEDICAL,4650,10.99,0,0.15,N,8,0.0,0.3835764531015001,0.0,0.09,0.0,0.014228738,0,0.16260173033819073,0.0,High
27,118000,RENT,1.0,PERSONAL,13425,15.99,1,0.11,Y,10,1.0,0.6009636999573025,0.0,0.11,0.0,0.0015133994,0,0.2374923664579611,1.0,Low
30,80000,RENT,13.0,DEBTCONSOLIDATION,3000,5.79,0,0.04,N,6,0.0,0.11282027793933914,0.0,0.12,0.0,0.18729909,0,0.14003978852765417,0.0,High
27,30456,RENT,0.0,VENTURE,10400,6.91,1,0.34,N,6,0.0,0.4527280317551928,0.0,0.13,0.0,0.03137664,0,0.20470155766629636,0.0,High
31,62050,RENT,0.0,MEDICAL,3600,15.95,1,0.05,N,9,1.0,0.6866016711701003,0.0,0.05,0.0,0.047410816,0,0.2613374957081029,1.0,Low
28,14400,RENT,2.0,MEDICAL,4000,13.11,1,0.28,Y,8,1.0,0.9442089741493404,0.0,0.06,1.0,0.9992192,1,0.6678093844342609,2.0,Low
29,39600,MORTGAGE,0.0,EDUCATION,5600,10.65,0,0.14,N,8,0.0,0.16248685111023306,0.0,0.23,1.0,0.99932766,0,0.46393817023905554,1.0,Low
28,39600,RENT,6.0,VENTURE,4500,10.25,0,0.11,N,10,0.0,0.19914410690132656,1.0,0.74,0.0,0.000119450524,0,0.313087852475084,1.0,Low
27,60000,RENT,5.0,VENTURE,4500,14.22,0,0.07,N,8,0.0,0.34401327457903086,0.0,0.24,0.0,0.019847775,0,0.20128701648572503,0.0,High
35,14400,RENT,2.0,VENTURE,4800,10.62,1,0.33,N,7,1.0,0.7767127223301943,1.0,0.89,0.0,0.102183856,1,0.5896321928000786,2.0,Low
28,30000,RENT,1.0,EDUCATION,4800,13.47,0,0.16,N,8,1.0,0.5896496939140795,0.0,0.25,0.0,0.0019334677,0,0.2805277205349708,1.0,Low
28,144000,RENT,12.0,PERSONAL,10000,9.99,0,0.07,N,5,0.0,0.15531698279024633,0.0,0.1,0.0,0.0086787995,0,0.08799859409511578,0.0,High
30,38400,RENT,2.0,PERSONAL,9800,11.48,0,0.26,N,5,1.0,0.6932997990423411,0.0,0.09,0.0,0.12426607,0,0.30252195738335347,1.0,Low
32,28800,RENT,16.0,MEDICAL,5000,10.59,0,0.17,N,9,1.0,0.6281599000457352,0.0,0.27,0.0,0.016477183,0,0.30487902751775003,1.0,Low
29,50000,RENT,11.0,EDUCATION,5000,10.37,0,0.1,N,5,0.0,0.23376222865171062,0.0,0.1,0.0,0.00014241923,0,0.11130154929408426,0.0,High
27,39000,MORTGAGE,11.0,HOMEIMPROVEMENT,5000,18.79,1,0.13,N,6,1.0,0.8266438682535401,0.0,0.12,0.0,0.0029737866,0,0.31653921826959025,1.0,Low
27,45000,MORTGAGE,2.0,MEDICAL,10000,6.17,0,0.22,N,9,0.0,0.17666577416557458,0.0,0.1,0.0,0.3484844,0,0.20838339036669462,0.0,High
34,85000,RENT,7.0,VENTURE,5000,11.83,0,0.06,N,5,0.0,0.18850490038560438,0.0,0.19,0.0,0.04210388,0,0.14020292651311095,0.0,High
32,48000,OWN,4.0,EDUCATION,8000,5.79,0,0.17,N,7,0.0,0.03275495564217334,0.0,0.17,0.0,0.17246342,0,0.12507279089846535,0.0,High
31,50000,MORTGAGE,0.0,MEDICAL,18225,10.99,0,0.36,N,10,1.0,0.6985221291772978,0.0,0.05,1.0,0.99903643,1,0.5825195201632863,2.0,Low
27,44000,MORTGAGE,0.0,EDUCATION,6000,13.23,1,0.14,Y,8,0.0,0.34490471323332533,0.0,0.14,1.0,0.9997664,0,0.4948903742101502,1.0,Low
29,18000,RENT,5.0,VENTURE,7000,10.99,1,0.39,N,5,1.0,0.8717387517248387,0.0,0.1,0.0,0.05016705,0,0.3406352673124868,1.0,Low
29,84000,RENT,3.0,MEDICAL,6000,11.49,0,0.07,N,6,0.0,0.39046197813893957,0.0,0.42,0.0,0.025330782,0,0.2785975866918617,0.0,High
30,51600,MORTGAGE,4.0,EDUCATION,12200,15.28,0,0.24,N,7,1.0,0.599733025563965,0.0,0.05,0.0,0.0024404295,0,0.21739115169647164,1.0,Low
29,52000,MORTGAGE,12.0,MEDICAL,5000,5.42,0,0.1,N,7,0.0,0.06404097274015814,1.0,1.0,0.0,0.00030304157,0,0.3547813381028056,1.0,Low
33,48000,MORTGAGE,7.0,PERSONAL,7000,12.42,1,0.15,N,5,0.0,0.3113250493445195,0.0,0.11,1.0,0.99178785,0,0.47103763340043353,1.0,Low
27,39000,RENT,4.0,PERSONAL,7000,13.79,1,0.18,Y,7,1.0,0.7414404509794887,1.0,0.95,0.0,0.13592394,1,0.6091214626475233,2.0,Low
27,85000,RENT,2.0,VENTURE,7000,13.99,0,0.08,Y,9,0.0,0.3681033357962738,0.0,0.01,0.0,0.0180882,0,0.13206384499817328,0.0,High
27,49200,MORTGAGE,2.0,DEBTCONSOLIDATION,7500,16.32,1,0.15,N,7,1.0,0.7357067612973607,0.0,0.19,0.0,0.052477285,0,0.3260613488544277,1.0,Low
28,56864,MORTGAGE,5.0,PERSONAL,12300,7.88,0,0.22,N,7,0.0,0.14474698818539106,0.0,0.02,0.0,0.023704879,0,0.06281728905709096,0.0,High
28,57000,MORTGAGE,13.0,PERSONAL,9600,15.96,0,0.17,Y,9,1.0,0.6350889089054256,0.0,0.2,0.0,0.0341295,0,0.2897394697648416,1.0,Low
31,57335,MORTGAGE,6.0,EDUCATION,16500,14.84,0,0.29,N,10,1.0,0.6219611139404585,0.0,0.39,0.0,0.010629203,0,0.34086343903699884,1.0,Low
29,60000,MORTGAGE,1.0,HOMEIMPROVEMENT,10000,5.79,0,0.17,N,6,0.0,0.09220874770824723,0.0,0.03,0.0,0.27042088,0,0.13087654227794746,0.0,High
35,45000,RENT,4.0,PERSONAL,5200,13.06,0,0.12,Y,10,1.0,0.5653529492754712,0.0,0.46,0.0,0.30358517,0,0.4429793736583317,1.0,Low
27,60000,MORTGAGE,3.0,HOMEIMPROVEMENT,10000,12.53,0,0.17,N,10,0.0,0.4271055957180431,1.0,0.99,0.0,0.007989479,0,0.4750316916489658,1.0,Low
30,27396,RENT,0.0,MEDICAL,5000,10.99,0,0.18,N,5,1.0,0.6688569290055575,0.0,0.09,0.0,0.24862365,0,0.3358268610839626,1.0,Low
30,65000,MORTGAGE,15.0,DEBTCONSOLIDATION,7500,6.17,0,0.12,N,9,0.0,0.09282492775049551,0.0,0.05,1.0,0.99251336,0,0.37844609544782754,1.0,Low
30,65004,MORTGAGE,9.0,EDUCATION,15000,7.51,0,0.23,N,9,0.0,0.09680591310372749,1.0,1.0,0.0,0.043744814,0,0.380183575584858,1.0,Low
29,53000,RENT,7.0,VENTURE,9600,12.73,0,0.18,N,5,0.0,0.4494889724667627,0.0,0.01,0.0,0.29021472,0,0.24990122995163863,0.0,High
27,27000,RENT,2.0,MEDICAL,9750,9.63,1,0.36,N,6,1.0,0.8833351742165747,0.0,0.29,1.0,0.9851391,1,0.7194914153859835,2.0,Low
27,70000,MORTGAGE,11.0,DEBTCONSOLIDATION,1000,6.54,0,0.01,N,5,0.0,0.05193558547351514,0.0,0.19,0.0,0.2539393,0,0.16529162874968104,0.0,High
29,70000,OWN,13.0,VENTURE,13000,6.91,0,0.19,N,8,0.0,0.031601677474198134,0.0,0.0,0.0,0.12588866,0,0.05249677934143854,0.0,High
28,70000,MORTGAGE,11.0,VENTURE,15000,16.0,0,0.21,N,7,0.0,0.45883373643222697,0.0,0.02,0.0,0.056189533,0,0.17834108991842554,0.0,High
27,71500,MORTGAGE,2.0,EDUCATION,15000,10.99,0,0.21,N,8,0.0,0.18968959590274406,0.0,0.08,1.0,0.52687514,0,0.26552157806184,1.0,Low
34,75000,MORTGAGE,3.0,MEDICAL,3000,7.9,0,0.04,N,5,0.0,0.07656222802346603,1.0,1.0,0.0,0.42296067,0,0.4998409656085758,1.0,Low
28,70000,RENT,2.0,MEDICAL,10000,13.48,0,0.14,Y,9,1.0,0.7004552765746336,0.0,0.08,0.0,0.060878534,0,0.28044460348153843,1.0,Low
27,84996,RENT,12.0,PERSONAL,10000,10.51,0,0.12,N,7,0.0,0.2615344117826725,0.0,0.02,0.0,0.027021397,0,0.10285193622928544,0.0,High
29,40000,RENT,7.0,PERSONAL,11450,8.49,0,0.29,N,5,1.0,0.542052191320593,1.0,0.58,0.0,0.016735865,1,0.3795960187079293,2.0,Low
27,33000,RENT,3.0,MEDICAL,12000,10.75,1,0.36,N,5,1.0,0.8991849582549915,0.0,0.06,0.0,0.0003187034,0,0.31983455388071896,1.0,Low
27,83000,MORTGAGE,11.0,VENTURE,2500,13.99,0,0.03,Y,8,0.0,0.1729247402717941,0.0,0.36,0.0,0.022202553,0,0.18504243116644595,0.0,High
34,65000,RENT,2.0,DEBTCONSOLIDATION,12000,7.49,0,0.18,N,7,0.0,0.3206800863151289,1.0,0.99,0.0,0.11902508,0,0.4765683892370773,1.0,Low
29,85500,MORTGAGE,3.0,EDUCATION,9500,10.99,0,0.11,N,9,0.0,0.104149254084301,0.0,0.02,0.0,0.3119682,0,0.14537248714787165,0.0,High
27,87000,MORTGAGE,11.0,VENTURE,21125,13.92,0,0.24,N,5,0.0,0.28680367507978477,0.0,0.01,0.0,0.0012406253,0,0.099348100119603,0.0,High
27,77000,MORTGAGE,0.0,EDUCATION,15000,17.74,1,0.19,Y,6,1.0,0.6431603442878955,1.0,0.99,0.0,0.03344897,1,0.5555364386986174,2.0,Low
29,108000,RENT,1.0,EDUCATION,12000,10.99,1,0.11,N,9,0.0,0.18570574299096052,0.0,0.34,0.0,0.280661,0,0.26878890996376337,0.0,High
30,31500,RENT,0.0,MEDICAL,12250,13.85,1,0.39,N,5,1.0,0.9684516051664832,1.0,0.65,0.0,0.00055125414,1,0.5396676197685883,2.0,Low
31,95000,MORTGAGE,1.0,DEBTCONSOLIDATION,25000,10.08,0,0.26,N,6,0.0,0.2779704622393753,0.0,0.01,0.0,0.03186524,0,0.10661190046091563,0.0,High
31,73100,MORTGAGE,0.0,MEDICAL,16000,10.99,1,0.19,Y,6,0.0,0.34009227366319816,0.0,0.17,0.0,0.016394004,0,0.17549542596297638,0.0,High
29,68000,RENT,9.0,VENTURE,14000,12.61,0,0.21,Y,8,1.0,0.5027734524509972,0.0,0.18,0.0,0.024336625,0,0.23570335911385434,1.0,Low
31,30000,OWN,6.0,VENTURE,2500,11.36,0,0.08,N,9,0.0,0.06878805023738706,0.0,0.13,0.0,0.2962626,0,0.16501688077154744,0.0,High
29,105000,MORTGAGE,13.0,DEBTCONSOLIDATION,17000,10.25,0,0.16,N,10,0.0,0.20463920344392314,0.0,0.26,0.0,0.00090752414,0,0.15518224252784785,0.0,High
31,106000,MORTGAGE,5.0,DEBTCONSOLIDATION,15000,7.88,0,0.14,N,7,0.0,0.10402431314794768,0.0,0.3,0.0,0.23256736,0,0.21219722272822775,0.0,High
32,110000,MORTGAGE,16.0,HOMEIMPROVEMENT,6700,6.92,0,0.06,N,7,0.0,0.05551961066090429,0.0,0.05,0.0,0.2944529,0,0.1333241721052705,0.0,High
31,110000,MORTGAGE,5.0,VENTURE,5000,14.96,0,0.05,Y,9,0.0,0.22147106535176012,0.0,0.04,0.0,0.008673447,0,0.0900481708453416,0.0,High
32,112445,MORTGAGE,4.0,DEBTCONSOLIDATION,6000,5.42,0,0.05,N,10,0.0,0.03893071093955467,0.0,0.1,1.0,0.9910607,0,0.3766637950433586,1.0,Low
33,113000,MORTGAGE,15.0,MEDICAL,5000,13.49,0,0.04,Y,9,0.0,0.3429176401915684,0.0,0.04,0.0,0.057847317,0,0.14692165249991862,0.0,High
30,116500,MORTGAGE,9.0,DEBTCONSOLIDATION,15000,14.79,0,0.13,Y,7,1.0,0.5197148431264945,0.0,0.14,0.0,0.35597253,0,0.33856245719471206,1.0,Low
29,158000,OWN,1.0,MEDICAL,20000,6.54,0,0.13,N,5,0.0,0.02529788692337886,0.0,0.16,0.0,0.27761802,0,0.15430530256543762,0.0,High
28,8000,RENT,1.0,HOMEIMPROVEMENT,4750,11.12,1,0.59,N,5,1.0,0.9959183422712138,0.0,0.02,0.0,0.0561284,0,0.3573489145268218,1.0,Low
28,45000,RENT,1.0,MEDICAL,10000,9.91,0,0.22,N,5,1.0,0.6132703579820521,0.0,0.01,0.0,0.037050918,0,0.2201070919088962,1.0,Low
31,59000,RENT,2.0,DEBTCONSOLIDATION,8750,12.68,0,0.15,N,7,1.0,0.6703655705040422,1.0,0.96,0.0,0.041117217,1,0.5571609292985905,2.0,Low
27,85000,MORTGAGE,12.0,MEDICAL,3800,6.03,0,0.04,N,8,0.0,0.04440916623560434,0.0,0.28,0.0,0.028551068,0,0.11765341146418733,0.0,High
30,45600,MORTGAGE,0.0,PERSONAL,6400,8.94,0,0.14,N,7,0.0,0.12468029926466828,0.0,0.06,0.0,0.020686314,0,0.06845553759153646,0.0,High
31,78996,RENT,5.0,HOMEIMPROVEMENT,6000,7.51,1,0.08,N,8,0.0,0.16776241935816769,1.0,1.0,0.0,0.020652369,0,0.3961382626743031,1.0,Low
27,80000,MORTGAGE,5.0,VENTURE,35000,10.99,0,0.44,N,8,0.0,0.34171528223548436,0.0,0.22,0.0,0.11518851,0,0.22563459715377657,0.0,High
28,33400,MORTGAGE,12.0,PERSONAL,16700,7.66,0,0.5,N,5,1.0,0.7514632769941177,0.0,0.14,0.0,0.045586888,0,0.31235005491372236,1.0,Low
28,100000,MORTGAGE,13.0,PERSONAL,13000,8.59,0,0.13,N,9,0.0,0.06915878089937076,1.0,1.0,0.0,0.002229743,0,0.3571295079460078,1.0,Low
28,140000,RENT,0.0,HOMEIMPROVEMENT,7400,6.03,0,0.05,N,6,0.0,0.07972222408702856,0.0,0.07,0.0,0.07959,0,0.07643740809974037,0.0,High
31,62000,MORTGAGE,4.0,MEDICAL,6550,5.79,0,0.11,N,10,0.0,0.06692635457995041,0.0,0.33,1.0,0.9925378,0,0.4631547170257651,1.0,Low
35,53500,MORTGAGE,3.0,HOMEIMPROVEMENT,10000,9.91,0,0.19,N,9,0.0,0.30028625910895435,1.0,1.0,0.0,0.10972816,0,0.4700048055430828,1.0,Low
28,78000,RENT,5.0,PERSONAL,12000,10.62,0,0.15,N,6,0.0,0.29731190641101535,0.0,0.01,0.0,0.123357005,0,0.14355630394278743,0.0,High
46,29004,MORTGAGE,4.0,PERSONAL,10000,11.58,0,0.34,N,11,1.0,0.701174226002665,1.0,1.0,0.0,0.00048121516,1,0.5672184803875907,2.0,Low
44,102000,RENT,9.0,MEDICAL,15000,8.94,0,0.15,N,12,0.0,0.26593142212578097,0.0,0.09,1.0,0.7245369,0,0.3601561059592447,1.0,Low
37,528000,RENT,4.0,VENTURE,15000,10.99,0,0.03,N,12,0.0,0.08330874227934888,0.0,0.03,0.0,0.0061146733,0,0.03980780520481802,0.0,High
47,52000,RENT,5.0,EDUCATION,12000,11.99,0,0.23,N,14,1.0,0.5341314863431812,1.0,1.0,0.0,0.1476097,1,0.5605803940451265,2.0,Low
37,36000,MORTGAGE,5.0,DEBTCONSOLIDATION,12000,6.03,0,0.33,N,13,0.0,0.4140559713142652,0.0,0.02,0.0,0.031636987,0,0.15523098606525323,0.0,High
36,37200,RENT,5.0,EDUCATION,11000,12.73,0,0.3,N,12,1.0,0.7803990691477519,0.0,0.08,1.0,0.9954679,1,0.6186223234592034,2.0,Low
45,34800,RENT,6.0,MEDICAL,4000,13.49,0,0.11,N,15,1.0,0.6619001097370029,0.0,0.19,0.0,0.008988601,0,0.2869629036308607,1.0,Low
38,74000,RENT,21.0,DEBTCONSOLIDATION,4000,11.26,0,0.05,N,14,0.0,0.395749433921939,1.0,0.94,0.0,0.1872889,0,0.5076794430571019,1.0,Low
37,95000,RENT,3.0,MEDICAL,10000,7.88,0,0.11,N,13,0.0,0.19407801722025086,0.0,0.15,0.0,0.004343576,0,0.11614053100607531,0.0,High
41,47000,MORTGAGE,5.0,EDUCATION,7500,11.12,0,0.16,N,13,0.0,0.19314244556803878,0.0,0.17,0.0,0.31553978,0,0.2262274076156463,0.0,High
39,51000,OWN,12.0,EDUCATION,12000,11.34,0,0.24,N,17,0.0,0.21942959973460455,0.0,0.12,0.0,0.13924974,0,0.15955978058856732,0.0,High
37,30000,RENT,6.0,MEDICAL,6500,10.37,0,0.22,N,11,1.0,0.7013672330043225,0.0,0.02,1.0,0.9981115,1,0.5731595731464196,2.0,Low
39,53000,RENT,15.0,EDUCATION,6500,7.29,0,0.12,N,17,0.0,0.11340094177877655,0.0,0.04,0.0,0.05319121,0,0.06886405095112241,0.0,High
41,61000,MORTGAGE,16.0,PERSONAL,8500,10.99,0,0.14,N,14,0.0,0.18773601397504774,0.0,0.07,1.0,0.6483118,0,0.30201593592640547,1.0,Low
38,65000,MORTGAGE,6.0,MEDICAL,11500,13.92,0,0.18,N,16,1.0,0.5411104499821249,0.0,0.03,0.0,0.0033378506,0,0.19148276684783014,1.0,Low
39,30400,RENT,2.0,MEDICAL,10000,15.7,1,0.33,Y,15,1.0,0.9746915830082098,0.0,0.0,0.0,0.16704653,0,0.3805793716810279,1.0,Low
36,75000,RENT,5.0,HOMEIMPROVEMENT,10000,11.99,0,0.13,N,12,0.0,0.4875680638747839,0.0,0.01,0.0,0.00040027575,0,0.16598944654115755,0.0,High
36,84996,MORTGAGE,11.0,PERSONAL,3500,12.69,0,0.04,N,16,0.0,0.15177746890258453,0.0,0.0,0.0,0.01573982,0,0.05583909660005457,0.0,High
38,110000,OWN,6.0,PERSONAL,12000,12.99,0,0.11,Y,11,0.0,0.1526462849612775,0.0,0.1,1.0,0.9971192,0,0.4165884910899978,1.0,Low
36,44004,RENT,4.0,DEBTCONSOLIDATION,2000,13.61,1,0.05,Y,13,1.0,0.6413871839925223,0.0,0.05,1.0,0.9882235,1,0.559870225697245,2.0,Low
37,155000,MORTGAGE,11.0,HOMEIMPROVEMENT,20000,6.54,0,0.13,N,15,0.0,0.036739609486048895,0.0,0.09,0.0,0.052894514,0,0.05987804118003629,0.0,High
41,56004,RENT,4.0,VENTURE,12800,11.48,0,0.23,N,12,0.0,0.4202171374871157,0.0,0.06,1.0,0.9998294,0,0.4933488496645895,1.0,Low
43,350000,MORTGAGE,3.0,PERSONAL,18000,11.49,0,0.05,N,14,0.0,0.053490416512932994,1.0,0.99,0.0,0.065573364,0,0.3696879270030547,1.0,Low
55,50000,RENT,2.0,HOMEIMPROVEMENT,20000,7.51,1,0.4,N,30,1.0,0.6846279853781445,0.0,0.18,0.0,0.008638091,0,0.291088692254503,1.0,Low
65,46000,RENT,5.0,VENTURE,10500,16.32,0,0.23,Y,24,1.0,0.8124710021914949,0.0,0.02,0.0,0.045361735,0,0.29261091237273185,1.0,Low
52,71520,RENT,0.0,VENTURE,7000,16.82,1,0.1,N,28,1.0,0.5277495148768236,1.0,0.64,1.0,0.9969727,1,0.7215740649895604,3.0,High
57,64000,RENT,20.0,VENTURE,8000,8.9,0,0.13,N,19,0.0,0.13854037709539377,0.0,0.05,0.0,0.09158482,0,0.09337506455681471,0.0,High
54,20000,RENT,2.0,MEDICAL,5000,10.99,0,0.25,N,28,1.0,0.7958037293887391,1.0,0.9,0.0,0.023794157,1,0.5731992956064229,2.0,Low
